Employee Number,Last Name,Password
10001,Garcia,Garcia10001
10002,Lim,1234
10003,Aquino,1234
10004,Reyes,1234
10005,Hernandez,1234
10006,Villanueva,1234
10007,San Jose,1234
10008,Romualdez,1234
10009,Atienza,1234
10010,Alvaro,1234
10011,Salcedo,1234
10012,Lopez,1234
10013,Farala,1234
10014,Martinez,1234
10015,Romualdez,1234
10016,Mata,1234
10017,De Leon,1234
10018,San Jose,1234
10019,Rosario,1234
10020,Bautista,1234
10021,Lazaro,1234
10022,Delos Santos,1234
10023,Santos,1234
10024,Del Rosario,1234
10025,Tolentino,1234
10026,Gutierrez,1234
10027,Manalaysay,1234
10028,Villegas,1234
10029,Ramos,1234
10030,Maceda,1234
10031,Aguilar,1234
10032,Castro,1234
10033,Martinez,1234
10034,Santos,1234
